{"weights":[0.3079886766552359,0.1603074082716177],"bias":-0.4,"learning_rate":0.1,"epochs":1000}