{"weights":[0.6433076749921508,1.6996104968137804],"bias":-0.1,"learning_rate":0.1,"epochs":1000}