{"weights":[-0.21620441584265146,-0.22292930629288696],"bias":0.20000000000000004,"learning_rate":0.1,"epochs":1000}